test_id,repeat,method,success,n_pulls,n_selected
3600,0,LLM-BAI,False,1200,4
3600,1,LLM-BAI,False,1200,4
3600,2,LLM-BAI,False,1200,4
1453,0,LLM-BAI,False,1200,4
1453,1,LLM-BAI,False,1200,4
1453,2,LLM-BAI,False,1200,4
7279,0,LLM-BAI,False,1200,4
7279,1,LLM-BAI,False,1200,4
7279,2,LLM-BAI,False,1200,4
12360,0,LLM-BAI,True,2400,8
12360,1,LLM-BAI,True,2400,8
12360,2,LLM-BAI,True,2400,8
10884,0,LLM-BAI,False,1800,6
10884,1,LLM-BAI,False,1800,6
10884,2,LLM-BAI,False,1800,6
10290,0,LLM-BAI,False,1800,6
10290,1,LLM-BAI,False,1800,6
10290,2,LLM-BAI,False,1800,6
15959,0,LLM-BAI,True,1500,5
15959,1,LLM-BAI,True,1500,5
15959,2,LLM-BAI,True,1500,5
8886,0,LLM-BAI,True,1200,4
8886,1,LLM-BAI,True,1200,4
8886,2,LLM-BAI,True,1200,4
2482,0,LLM-BAI,True,600,2
2482,1,LLM-BAI,True,600,2
2482,2,LLM-BAI,True,600,2
5358,0,LLM-BAI,False,1200,4
5358,1,LLM-BAI,False,1200,4
5358,2,LLM-BAI,False,1200,4
11343,0,LLM-BAI,False,1200,4
11343,1,LLM-BAI,False,1200,4
11343,2,LLM-BAI,False,1200,4
10783,0,LLM-BAI,True,1200,4
10783,1,LLM-BAI,True,1200,4
10783,2,LLM-BAI,True,1200,4
14387,0,LLM-BAI,False,2400,8
14387,1,LLM-BAI,False,2400,8
14387,2,LLM-BAI,False,2400,8
14804,0,LLM-BAI,False,1800,6
14804,1,LLM-BAI,False,1800,6
14804,2,LLM-BAI,False,1800,6
16740,0,LLM-BAI,False,1200,4
16740,1,LLM-BAI,False,1200,4
16740,2,LLM-BAI,False,1200,4
11953,0,LLM-BAI,False,1500,5
11953,1,LLM-BAI,False,1500,5
11953,2,LLM-BAI,False,1500,5
8650,0,LLM-BAI,False,1800,6
8650,1,LLM-BAI,False,1800,6
8650,2,LLM-BAI,False,1800,6
1867,0,LLM-BAI,False,1200,4
1867,1,LLM-BAI,False,1200,4
1867,2,LLM-BAI,False,1200,4
15832,0,LLM-BAI,False,1200,4
15832,1,LLM-BAI,False,1200,4
15832,2,LLM-BAI,False,1200,4
13662,0,LLM-BAI,False,1800,6
13662,1,LLM-BAI,False,1800,6
13662,2,LLM-BAI,False,1800,6
17096,0,LLM-BAI,True,1200,4
17096,1,LLM-BAI,True,1200,4
17096,2,LLM-BAI,True,1200,4
7440,0,LLM-BAI,False,1200,4
7440,1,LLM-BAI,False,1200,4
7440,2,LLM-BAI,False,1200,4
2267,0,LLM-BAI,False,1200,4
2267,1,LLM-BAI,False,1200,4
2267,2,LLM-BAI,False,1200,4
14858,0,LLM-BAI,True,600,2
14858,1,LLM-BAI,True,600,2
14858,2,LLM-BAI,True,600,2
13904,0,LLM-BAI,False,1500,5
13904,1,LLM-BAI,False,1500,5
13904,2,LLM-BAI,False,1500,5
8890,0,LLM-BAI,False,1200,4
8890,1,LLM-BAI,False,1200,4
8890,2,LLM-BAI,False,1200,4
3288,0,LLM-BAI,False,1200,4
3288,1,LLM-BAI,False,1200,4
3288,2,LLM-BAI,False,1200,4
8979,0,LLM-BAI,True,1500,5
8979,1,LLM-BAI,True,1500,5
8979,2,LLM-BAI,True,1500,5
10301,0,LLM-BAI,False,1500,5
10301,1,LLM-BAI,False,1500,5
10301,2,LLM-BAI,False,1500,5
3426,0,LLM-BAI,False,1200,4
3426,1,LLM-BAI,False,1200,4
3426,2,LLM-BAI,False,1200,4
4529,0,LLM-BAI,False,900,3
4529,1,LLM-BAI,False,900,3
4529,2,LLM-BAI,False,900,3
15793,0,LLM-BAI,False,1800,6
15793,1,LLM-BAI,False,1800,6
15793,2,LLM-BAI,False,1800,6
9002,0,LLM-BAI,False,1200,4
9002,1,LLM-BAI,False,1200,4
9002,2,LLM-BAI,False,1200,4
12363,0,LLM-BAI,False,2400,8
12363,1,LLM-BAI,False,2400,8
12363,2,LLM-BAI,False,2400,8
16523,0,LLM-BAI,False,1500,5
16523,1,LLM-BAI,False,1500,5
16523,2,LLM-BAI,False,1500,5
2484,0,LLM-BAI,False,1200,4
2484,1,LLM-BAI,False,1200,4
2484,2,LLM-BAI,False,1200,4
5655,0,LLM-BAI,False,1200,4
5655,1,LLM-BAI,False,1200,4
5655,2,LLM-BAI,False,1200,4
16160,0,LLM-BAI,False,1200,4
16160,1,LLM-BAI,False,1200,4
16160,2,LLM-BAI,False,1200,4
8954,0,LLM-BAI,False,900,3
8954,1,LLM-BAI,False,900,3
8954,2,LLM-BAI,False,900,3
2849,0,LLM-BAI,False,1200,4
2849,1,LLM-BAI,False,1200,4
2849,2,LLM-BAI,False,1200,4
17388,0,LLM-BAI,False,600,2
17388,1,LLM-BAI,False,600,2
17388,2,LLM-BAI,False,600,2
2610,0,LLM-BAI,False,1200,4
2610,1,LLM-BAI,False,1200,4
2610,2,LLM-BAI,False,1200,4
8687,0,LLM-BAI,False,1500,5
8687,1,LLM-BAI,False,1500,5
8687,2,LLM-BAI,False,1500,5
5126,0,LLM-BAI,True,1200,4
5126,1,LLM-BAI,True,1200,4
5126,2,LLM-BAI,True,1200,4
8808,0,LLM-BAI,False,1200,4
8808,1,LLM-BAI,False,1200,4
8808,2,LLM-BAI,False,1200,4
354,0,LLM-BAI,True,600,2
354,1,LLM-BAI,True,600,2
354,2,LLM-BAI,True,600,2
3828,0,LLM-BAI,False,1200,4
3828,1,LLM-BAI,False,1200,4
3828,2,LLM-BAI,False,1200,4
3949,0,LLM-BAI,False,1200,4
3949,1,LLM-BAI,False,1200,4
3949,2,LLM-BAI,False,1200,4
12393,0,LLM-BAI,True,1200,4
12393,1,LLM-BAI,True,1200,4
12393,2,LLM-BAI,True,1200,4
1120,0,LLM-BAI,True,600,2
1120,1,LLM-BAI,True,600,2
1120,2,LLM-BAI,True,600,2
16143,0,LLM-BAI,True,1500,5
16143,1,LLM-BAI,True,1500,5
16143,2,LLM-BAI,True,1500,5
15415,0,LLM-BAI,True,1500,5
15415,1,LLM-BAI,True,1500,5
15415,2,LLM-BAI,True,1500,5
6324,0,LLM-BAI,False,1800,6
6324,1,LLM-BAI,False,1800,6
6324,2,LLM-BAI,False,1800,6
467,0,LLM-BAI,False,1200,4
467,1,LLM-BAI,False,1200,4
467,2,LLM-BAI,False,1200,4
7811,0,LLM-BAI,True,1200,4
7811,1,LLM-BAI,True,1200,4
7811,2,LLM-BAI,True,1200,4
1057,0,LLM-BAI,False,600,2
1057,1,LLM-BAI,False,600,2
1057,2,LLM-BAI,False,600,2
3888,0,LLM-BAI,True,1200,4
3888,1,LLM-BAI,True,1200,4
3888,2,LLM-BAI,True,1200,4
15634,0,LLM-BAI,False,1800,6
15634,1,LLM-BAI,False,1800,6
15634,2,LLM-BAI,False,1800,6
1011,0,LLM-BAI,False,1200,4
1011,1,LLM-BAI,False,1200,4
1011,2,LLM-BAI,False,1200,4
15975,0,LLM-BAI,False,1200,4
15975,1,LLM-BAI,False,1200,4
15975,2,LLM-BAI,False,1200,4
8894,0,LLM-BAI,False,1500,5
8894,1,LLM-BAI,False,1500,5
8894,2,LLM-BAI,False,1500,5
14128,0,LLM-BAI,True,1800,6
14128,1,LLM-BAI,True,1800,6
14128,2,LLM-BAI,True,1800,6
4343,0,LLM-BAI,False,1200,4
4343,1,LLM-BAI,False,1200,4
4343,2,LLM-BAI,False,1200,4
14260,0,LLM-BAI,False,1200,4
14260,1,LLM-BAI,False,1200,4
14260,2,LLM-BAI,False,1200,4
16744,0,LLM-BAI,False,1200,4
16744,1,LLM-BAI,False,1200,4
16744,2,LLM-BAI,False,1200,4
13399,0,LLM-BAI,True,1200,4
13399,1,LLM-BAI,True,1200,4
13399,2,LLM-BAI,True,1200,4
120,0,LLM-BAI,True,1200,4
120,1,LLM-BAI,True,1200,4
120,2,LLM-BAI,True,1200,4
12087,0,LLM-BAI,True,1500,5
12087,1,LLM-BAI,True,1500,5
12087,2,LLM-BAI,True,1500,5
8268,0,LLM-BAI,True,1800,6
8268,1,LLM-BAI,True,1800,6
8268,2,LLM-BAI,True,1800,6
11662,0,LLM-BAI,True,1200,4
11662,1,LLM-BAI,True,1200,4
11662,2,LLM-BAI,True,1200,4
150,0,LLM-BAI,False,1200,4
150,1,LLM-BAI,False,1200,4
150,2,LLM-BAI,False,1200,4
4287,0,LLM-BAI,True,1200,4
4287,1,LLM-BAI,True,1200,4
4287,2,LLM-BAI,True,1200,4
11265,0,LLM-BAI,True,1200,4
11265,1,LLM-BAI,True,1200,4
11265,2,LLM-BAI,True,1200,4
267,0,LLM-BAI,False,1200,4
267,1,LLM-BAI,False,1200,4
267,2,LLM-BAI,False,1200,4
10221,0,LLM-BAI,False,1800,6
10221,1,LLM-BAI,False,1800,6
10221,2,LLM-BAI,False,1800,6
2035,0,LLM-BAI,False,1200,4
2035,1,LLM-BAI,False,1200,4
2035,2,LLM-BAI,False,1200,4
16751,0,LLM-BAI,False,1200,4
16751,1,LLM-BAI,False,1200,4
16751,2,LLM-BAI,False,1200,4
13726,0,LLM-BAI,True,1500,5
13726,1,LLM-BAI,True,1500,5
13726,2,LLM-BAI,True,1500,5
15850,0,LLM-BAI,False,1200,4
15850,1,LLM-BAI,False,1200,4
15850,2,LLM-BAI,False,1200,4
3866,0,LLM-BAI,False,1200,4
3866,1,LLM-BAI,False,1200,4
3866,2,LLM-BAI,False,1200,4
8693,0,LLM-BAI,False,1800,6
8693,1,LLM-BAI,False,1800,6
8693,2,LLM-BAI,False,1800,6
5340,0,LLM-BAI,False,1200,4
5340,1,LLM-BAI,False,1200,4
5340,2,LLM-BAI,False,1200,4
13312,0,LLM-BAI,False,1800,6
13312,1,LLM-BAI,False,1800,6
13312,2,LLM-BAI,False,1800,6
2919,0,LLM-BAI,False,1200,4
2919,1,LLM-BAI,False,1200,4
2919,2,LLM-BAI,False,1200,4
10943,0,LLM-BAI,True,1800,6
10943,1,LLM-BAI,True,1800,6
10943,2,LLM-BAI,True,1800,6
5946,0,LLM-BAI,False,1200,4
5946,1,LLM-BAI,False,1200,4
5946,2,LLM-BAI,False,1200,4
14259,0,LLM-BAI,True,1200,4
14259,1,LLM-BAI,True,1200,4
14259,2,LLM-BAI,True,1200,4
7855,0,LLM-BAI,False,1200,4
7855,1,LLM-BAI,False,1200,4
7855,2,LLM-BAI,False,1200,4
4346,0,LLM-BAI,False,600,2
4346,1,LLM-BAI,False,600,2
4346,2,LLM-BAI,False,600,2
1086,0,LLM-BAI,True,600,2
1086,1,LLM-BAI,True,600,2
1086,2,LLM-BAI,True,600,2
2415,0,LLM-BAI,False,600,2
2415,1,LLM-BAI,False,600,2
2415,2,LLM-BAI,False,600,2
10277,0,LLM-BAI,False,1500,5
10277,1,LLM-BAI,False,1500,5
10277,2,LLM-BAI,False,1500,5
14145,0,LLM-BAI,True,1500,5
14145,1,LLM-BAI,True,1500,5
14145,2,LLM-BAI,True,1500,5
8798,0,LLM-BAI,True,1500,5
8798,1,LLM-BAI,True,1500,5
8798,2,LLM-BAI,True,1500,5
11598,0,LLM-BAI,True,1200,4
11598,1,LLM-BAI,True,1200,4
11598,2,LLM-BAI,True,1200,4
8047,0,LLM-BAI,False,1200,4
8047,1,LLM-BAI,False,1200,4
8047,2,LLM-BAI,False,1200,4
6464,0,LLM-BAI,True,600,2
6464,1,LLM-BAI,True,600,2
6464,2,LLM-BAI,True,600,2
9454,0,LLM-BAI,True,1200,4
9454,1,LLM-BAI,True,1200,4
9454,2,LLM-BAI,True,1200,4
16658,0,LLM-BAI,True,1200,4
16658,1,LLM-BAI,True,1200,4
16658,2,LLM-BAI,True,1200,4
9754,0,LLM-BAI,True,1800,6
9754,1,LLM-BAI,True,1800,6
9754,2,LLM-BAI,True,1800,6
1548,0,LLM-BAI,False,1200,4
1548,1,LLM-BAI,False,1200,4
1548,2,LLM-BAI,False,1200,4
5982,0,LLM-BAI,False,1200,4
5982,1,LLM-BAI,False,1200,4
5982,2,LLM-BAI,False,1200,4
9811,0,LLM-BAI,True,1200,4
9811,1,LLM-BAI,True,1200,4
9811,2,LLM-BAI,True,1200,4
9791,0,LLM-BAI,False,1500,5
9791,1,LLM-BAI,False,1500,5
9791,2,LLM-BAI,False,1500,5
5917,0,LLM-BAI,True,1200,4
5917,1,LLM-BAI,True,1200,4
5917,2,LLM-BAI,True,1200,4
15186,0,LLM-BAI,True,1200,4
15186,1,LLM-BAI,True,1200,4
15186,2,LLM-BAI,True,1200,4
9421,0,LLM-BAI,False,1200,4
9421,1,LLM-BAI,False,1200,4
9421,2,LLM-BAI,False,1200,4
1499,0,LLM-BAI,False,1500,5
1499,1,LLM-BAI,False,1500,5
1499,2,LLM-BAI,False,1500,5
11956,0,LLM-BAI,False,1500,5
11956,1,LLM-BAI,False,1500,5
11956,2,LLM-BAI,False,1500,5
2127,0,LLM-BAI,False,1200,4
2127,1,LLM-BAI,False,1200,4
2127,2,LLM-BAI,False,1200,4
721,0,LLM-BAI,False,600,2
721,1,LLM-BAI,False,600,2
721,2,LLM-BAI,False,600,2
17058,0,LLM-BAI,False,1800,6
17058,1,LLM-BAI,False,1800,6
17058,2,LLM-BAI,False,1800,6
4102,0,LLM-BAI,False,1200,4
4102,1,LLM-BAI,False,1200,4
4102,2,LLM-BAI,False,1200,4
7882,0,LLM-BAI,False,1200,4
7882,1,LLM-BAI,False,1200,4
7882,2,LLM-BAI,False,1200,4
17479,0,LLM-BAI,True,900,3
17479,1,LLM-BAI,True,900,3
17479,2,LLM-BAI,True,900,3
15900,0,LLM-BAI,True,1500,5
15900,1,LLM-BAI,True,1500,5
15900,2,LLM-BAI,True,1500,5
8222,0,LLM-BAI,True,1200,4
8222,1,LLM-BAI,True,1200,4
8222,2,LLM-BAI,True,1200,4
8285,0,LLM-BAI,False,1200,4
8285,1,LLM-BAI,False,1200,4
8285,2,LLM-BAI,False,1200,4
2313,0,LLM-BAI,False,1200,4
2313,1,LLM-BAI,False,1200,4
2313,2,LLM-BAI,False,1200,4
12093,0,LLM-BAI,True,900,3
12093,1,LLM-BAI,True,900,3
12093,2,LLM-BAI,True,900,3
11946,0,LLM-BAI,True,1500,5
11946,1,LLM-BAI,True,1500,5
11946,2,LLM-BAI,True,1500,5
3367,0,LLM-BAI,False,1200,4
3367,1,LLM-BAI,False,1200,4
3367,2,LLM-BAI,False,1200,4
9963,0,LLM-BAI,True,1500,5
9963,1,LLM-BAI,True,1500,5
9963,2,LLM-BAI,True,1500,5
6139,0,LLM-BAI,False,1200,4
6139,1,LLM-BAI,False,1200,4
6139,2,LLM-BAI,False,1200,4
8872,0,LLM-BAI,True,1200,4
8872,1,LLM-BAI,True,1200,4
8872,2,LLM-BAI,True,1200,4
8804,0,LLM-BAI,False,1800,6
8804,1,LLM-BAI,False,1800,6
8804,2,LLM-BAI,False,1800,6
3683,0,LLM-BAI,False,1200,4
3683,1,LLM-BAI,False,1200,4
3683,2,LLM-BAI,False,1200,4
4755,0,LLM-BAI,False,1200,4
4755,1,LLM-BAI,False,1200,4
4755,2,LLM-BAI,False,1200,4
12347,0,LLM-BAI,False,1800,6
12347,1,LLM-BAI,False,1800,6
12347,2,LLM-BAI,False,1800,6
7151,0,LLM-BAI,False,2100,7
7151,1,LLM-BAI,False,2100,7
7151,2,LLM-BAI,False,2100,7
1534,0,LLM-BAI,False,1200,4
1534,1,LLM-BAI,False,1200,4
1534,2,LLM-BAI,False,1200,4
743,0,LLM-BAI,True,1200,4
743,1,LLM-BAI,True,1200,4
743,2,LLM-BAI,True,1200,4
4082,0,LLM-BAI,True,1200,4
4082,1,LLM-BAI,True,1200,4
4082,2,LLM-BAI,True,1200,4
6052,0,LLM-BAI,True,1200,4
6052,1,LLM-BAI,True,1200,4
6052,2,LLM-BAI,True,1200,4
15873,0,LLM-BAI,False,1800,6
15873,1,LLM-BAI,False,1800,6
15873,2,LLM-BAI,False,1800,6
10169,0,LLM-BAI,False,1500,5
10169,1,LLM-BAI,False,1500,5
10169,2,LLM-BAI,False,1500,5
16281,0,LLM-BAI,True,1500,5
16281,1,LLM-BAI,True,1500,5
16281,2,LLM-BAI,True,1500,5
275,0,LLM-BAI,False,1200,4
275,1,LLM-BAI,False,1200,4
275,2,LLM-BAI,False,1200,4
15545,0,LLM-BAI,True,1200,4
15545,1,LLM-BAI,True,1200,4
15545,2,LLM-BAI,True,1200,4
10472,0,LLM-BAI,True,1800,6
10472,1,LLM-BAI,True,1800,6
10472,2,LLM-BAI,True,1800,6
5787,0,LLM-BAI,False,1500,5
5787,1,LLM-BAI,False,1500,5
5787,2,LLM-BAI,False,1500,5
11901,0,LLM-BAI,False,2100,7
11901,1,LLM-BAI,False,2100,7
11901,2,LLM-BAI,False,2100,7
14887,0,LLM-BAI,False,1800,6
14887,1,LLM-BAI,False,1800,6
14887,2,LLM-BAI,False,1800,6
12470,0,LLM-BAI,True,1800,6
12470,1,LLM-BAI,True,1800,6
12470,2,LLM-BAI,True,1800,6
978,0,LLM-BAI,True,600,2
978,1,LLM-BAI,True,600,2
978,2,LLM-BAI,True,600,2
765,0,LLM-BAI,True,1200,4
765,1,LLM-BAI,True,1200,4
765,2,LLM-BAI,True,1200,4
9188,0,LLM-BAI,False,1200,4
9188,1,LLM-BAI,False,1200,4
9188,2,LLM-BAI,False,1200,4
5563,0,LLM-BAI,False,1500,5
5563,1,LLM-BAI,False,1500,5
5563,2,LLM-BAI,False,1500,5
380,0,LLM-BAI,False,1500,5
380,1,LLM-BAI,False,1500,5
380,2,LLM-BAI,False,1500,5
5360,0,LLM-BAI,True,1200,4
5360,1,LLM-BAI,True,1200,4
5360,2,LLM-BAI,True,1200,4
9932,0,LLM-BAI,True,600,2
9932,1,LLM-BAI,True,600,2
9932,2,LLM-BAI,True,600,2
85,0,LLM-BAI,True,600,2
85,1,LLM-BAI,True,600,2
85,2,LLM-BAI,True,600,2
2584,0,LLM-BAI,False,1200,4
2584,1,LLM-BAI,False,1200,4
2584,2,LLM-BAI,False,1200,4
2827,0,LLM-BAI,False,1200,4
2827,1,LLM-BAI,False,1200,4
2827,2,LLM-BAI,False,1200,4
2627,0,LLM-BAI,False,1200,4
2627,1,LLM-BAI,False,1200,4
2627,2,LLM-BAI,False,1200,4
16718,0,LLM-BAI,False,1500,5
16718,1,LLM-BAI,False,1500,5
16718,2,LLM-BAI,False,1500,5
16890,0,LLM-BAI,False,1800,6
16890,1,LLM-BAI,False,1800,6
16890,2,LLM-BAI,False,1800,6
14540,0,LLM-BAI,True,1800,6
14540,1,LLM-BAI,True,1800,6
14540,2,LLM-BAI,True,1800,6
16410,0,LLM-BAI,True,1200,4
16410,1,LLM-BAI,True,1200,4
16410,2,LLM-BAI,True,1200,4
7079,0,LLM-BAI,False,1200,4
7079,1,LLM-BAI,False,1200,4
7079,2,LLM-BAI,False,1200,4
13366,0,LLM-BAI,False,1200,4
13366,1,LLM-BAI,False,1200,4
13366,2,LLM-BAI,False,1200,4
6150,0,LLM-BAI,False,1800,6
6150,1,LLM-BAI,False,1800,6
6150,2,LLM-BAI,False,1800,6
11275,0,LLM-BAI,False,1800,6
11275,1,LLM-BAI,False,1800,6
11275,2,LLM-BAI,False,1800,6
1660,0,LLM-BAI,True,1200,4
1660,1,LLM-BAI,True,1200,4
1660,2,LLM-BAI,True,1200,4
12620,0,LLM-BAI,False,1800,6
12620,1,LLM-BAI,False,1800,6
12620,2,LLM-BAI,False,1800,6
2133,0,LLM-BAI,False,1200,4
2133,1,LLM-BAI,False,1200,4
2133,2,LLM-BAI,False,1200,4
12397,0,LLM-BAI,False,1200,4
12397,1,LLM-BAI,False,1200,4
12397,2,LLM-BAI,False,1200,4
2715,0,LLM-BAI,False,1200,4
2715,1,LLM-BAI,False,1200,4
2715,2,LLM-BAI,False,1200,4
5376,0,LLM-BAI,True,1200,4
5376,1,LLM-BAI,True,1200,4
5376,2,LLM-BAI,True,1200,4
8115,0,LLM-BAI,True,1200,4
8115,1,LLM-BAI,True,1200,4
8115,2,LLM-BAI,True,1200,4
12594,0,LLM-BAI,True,600,2
12594,1,LLM-BAI,True,600,2
12594,2,LLM-BAI,True,600,2
13991,0,LLM-BAI,True,1800,6
13991,1,LLM-BAI,True,1800,6
13991,2,LLM-BAI,True,1800,6
16782,0,LLM-BAI,False,1800,6
16782,1,LLM-BAI,False,1800,6
16782,2,LLM-BAI,False,1800,6
13439,0,LLM-BAI,True,1500,5
13439,1,LLM-BAI,True,1500,5
13439,2,LLM-BAI,True,1500,5
4666,0,LLM-BAI,False,1200,4
4666,1,LLM-BAI,False,1200,4
4666,2,LLM-BAI,False,1200,4
9647,0,LLM-BAI,True,900,3
9647,1,LLM-BAI,True,900,3
9647,2,LLM-BAI,True,900,3
16553,0,LLM-BAI,True,900,3
16553,1,LLM-BAI,True,900,3
16553,2,LLM-BAI,True,900,3
7512,0,LLM-BAI,False,1500,5
7512,1,LLM-BAI,False,1500,5
7512,2,LLM-BAI,False,1500,5
3106,0,LLM-BAI,False,1200,4
3106,1,LLM-BAI,False,1200,4
3106,2,LLM-BAI,False,1200,4
1665,0,LLM-BAI,True,1200,4
1665,1,LLM-BAI,True,1200,4
1665,2,LLM-BAI,True,1200,4
14344,0,LLM-BAI,False,1500,5
14344,1,LLM-BAI,False,1500,5
14344,2,LLM-BAI,False,1500,5
15501,0,LLM-BAI,False,1800,6
15501,1,LLM-BAI,False,1800,6
15501,2,LLM-BAI,False,1800,6
136,0,LLM-BAI,False,600,2
136,1,LLM-BAI,False,600,2
136,2,LLM-BAI,False,600,2
4672,0,LLM-BAI,False,1200,4
4672,1,LLM-BAI,False,1200,4
4672,2,LLM-BAI,False,1200,4
8266,0,LLM-BAI,False,1200,4
8266,1,LLM-BAI,False,1200,4
8266,2,LLM-BAI,False,1200,4
10465,0,LLM-BAI,True,2100,7
10465,1,LLM-BAI,True,2100,7
10465,2,LLM-BAI,True,2100,7
4722,0,LLM-BAI,False,1200,4
4722,1,LLM-BAI,False,1200,4
4722,2,LLM-BAI,False,1200,4
7325,0,LLM-BAI,False,1200,4
7325,1,LLM-BAI,False,1200,4
7325,2,LLM-BAI,False,1200,4
10799,0,LLM-BAI,False,1800,6
10799,1,LLM-BAI,False,1800,6
10799,2,LLM-BAI,False,1800,6
13249,0,LLM-BAI,False,1200,4
13249,1,LLM-BAI,False,1200,4
13249,2,LLM-BAI,False,1200,4
4984,0,LLM-BAI,False,1800,6
4984,1,LLM-BAI,False,1800,6
4984,2,LLM-BAI,False,1800,6
3071,0,LLM-BAI,False,1200,4
3071,1,LLM-BAI,False,1200,4
3071,2,LLM-BAI,False,1200,4
13631,0,LLM-BAI,False,1800,6
13631,1,LLM-BAI,False,1800,6
13631,2,LLM-BAI,False,1800,6
1403,0,LLM-BAI,True,1200,4
1403,1,LLM-BAI,True,1200,4
1403,2,LLM-BAI,True,1200,4
16100,0,LLM-BAI,True,1200,4
16100,1,LLM-BAI,True,1200,4
16100,2,LLM-BAI,True,1200,4
7683,0,LLM-BAI,True,1200,4
7683,1,LLM-BAI,True,1200,4
7683,2,LLM-BAI,True,1200,4
937,0,LLM-BAI,True,600,2
937,1,LLM-BAI,True,600,2
937,2,LLM-BAI,True,600,2
13516,0,LLM-BAI,True,1800,6
13516,1,LLM-BAI,True,1800,6
13516,2,LLM-BAI,True,1800,6
14670,0,LLM-BAI,False,1800,6
14670,1,LLM-BAI,False,1800,6
14670,2,LLM-BAI,False,1800,6
8518,0,LLM-BAI,False,1200,4
8518,1,LLM-BAI,False,1200,4
8518,2,LLM-BAI,False,1200,4
17130,0,LLM-BAI,False,1500,5
17130,1,LLM-BAI,False,1500,5
17130,2,LLM-BAI,False,1500,5
13470,0,LLM-BAI,True,1800,6
13470,1,LLM-BAI,True,1800,6
13470,2,LLM-BAI,True,1800,6
8642,0,LLM-BAI,False,1200,4
8642,1,LLM-BAI,False,1200,4
8642,2,LLM-BAI,False,1200,4
17027,0,LLM-BAI,False,1200,4
17027,1,LLM-BAI,False,1200,4
17027,2,LLM-BAI,False,1200,4
1036,0,LLM-BAI,False,1200,4
1036,1,LLM-BAI,False,1200,4
1036,2,LLM-BAI,False,1200,4
10728,0,LLM-BAI,True,1200,4
10728,1,LLM-BAI,True,1200,4
10728,2,LLM-BAI,True,1200,4
12960,0,LLM-BAI,False,1200,4
12960,1,LLM-BAI,False,1200,4
12960,2,LLM-BAI,False,1200,4
4105,0,LLM-BAI,True,1200,4
4105,1,LLM-BAI,True,1200,4
4105,2,LLM-BAI,True,1200,4
2226,0,LLM-BAI,False,600,2
2226,1,LLM-BAI,False,600,2
2226,2,LLM-BAI,False,600,2
8546,0,LLM-BAI,False,1200,4
8546,1,LLM-BAI,False,1200,4
8546,2,LLM-BAI,False,1200,4
12710,0,LLM-BAI,True,1200,4
12710,1,LLM-BAI,True,1200,4
12710,2,LLM-BAI,True,1200,4
4402,0,LLM-BAI,False,1200,4
4402,1,LLM-BAI,False,1200,4
4402,2,LLM-BAI,False,1200,4
1007,0,LLM-BAI,True,600,2
1007,1,LLM-BAI,True,600,2
1007,2,LLM-BAI,True,600,2
151,0,LLM-BAI,False,1200,4
151,1,LLM-BAI,False,1200,4
151,2,LLM-BAI,False,1200,4
928,0,LLM-BAI,True,600,2
928,1,LLM-BAI,True,600,2
928,2,LLM-BAI,True,600,2
15455,0,LLM-BAI,True,1500,5
15455,1,LLM-BAI,True,1500,5
15455,2,LLM-BAI,True,1500,5
1513,0,LLM-BAI,False,1200,4
1513,1,LLM-BAI,False,1200,4
1513,2,LLM-BAI,False,1200,4
11238,0,LLM-BAI,False,1800,6
11238,1,LLM-BAI,False,1800,6
11238,2,LLM-BAI,False,1800,6
6936,0,LLM-BAI,False,1800,6
6936,1,LLM-BAI,False,1800,6
6936,2,LLM-BAI,False,1800,6
6189,0,LLM-BAI,False,1800,6
6189,1,LLM-BAI,False,1800,6
6189,2,LLM-BAI,False,1800,6
5026,0,LLM-BAI,False,1200,4
5026,1,LLM-BAI,False,1200,4
5026,2,LLM-BAI,False,1200,4
4992,0,LLM-BAI,True,1200,4
4992,1,LLM-BAI,True,1200,4
4992,2,LLM-BAI,True,1200,4
13027,0,LLM-BAI,False,1500,5
13027,1,LLM-BAI,False,1500,5
13027,2,LLM-BAI,False,1500,5
12149,0,LLM-BAI,False,1500,5
12149,1,LLM-BAI,False,1500,5
12149,2,LLM-BAI,False,1500,5
11966,0,LLM-BAI,True,600,2
11966,1,LLM-BAI,True,600,2
11966,2,LLM-BAI,True,600,2
2130,0,LLM-BAI,False,600,2
2130,1,LLM-BAI,False,600,2
2130,2,LLM-BAI,False,600,2
2405,0,LLM-BAI,False,1200,4
2405,1,LLM-BAI,False,1200,4
2405,2,LLM-BAI,False,1200,4
7781,0,LLM-BAI,False,1800,6
7781,1,LLM-BAI,False,1800,6
7781,2,LLM-BAI,False,1800,6
8133,0,LLM-BAI,False,1200,4
8133,1,LLM-BAI,False,1200,4
8133,2,LLM-BAI,False,1200,4
7181,0,LLM-BAI,True,1800,6
7181,1,LLM-BAI,True,1800,6
7181,2,LLM-BAI,True,1800,6
8982,0,LLM-BAI,False,1500,5
8982,1,LLM-BAI,False,1500,5
8982,2,LLM-BAI,False,1500,5
10819,0,LLM-BAI,False,1200,4
10819,1,LLM-BAI,False,1200,4
10819,2,LLM-BAI,False,1200,4
1043,0,LLM-BAI,True,600,2
1043,1,LLM-BAI,True,600,2
1043,2,LLM-BAI,True,600,2
17566,0,LLM-BAI,False,1200,4
17566,1,LLM-BAI,False,1200,4
17566,2,LLM-BAI,False,1200,4
5546,0,LLM-BAI,False,1200,4
5546,1,LLM-BAI,False,1200,4
5546,2,LLM-BAI,False,1200,4
17627,0,LLM-BAI,True,1800,6
17627,1,LLM-BAI,True,1800,6
17627,2,LLM-BAI,True,1800,6
3708,0,LLM-BAI,True,1200,4
3708,1,LLM-BAI,True,1200,4
3708,2,LLM-BAI,True,1200,4
8605,0,LLM-BAI,False,1200,4
8605,1,LLM-BAI,False,1200,4
8605,2,LLM-BAI,False,1200,4
4937,0,LLM-BAI,False,1500,5
4937,1,LLM-BAI,False,1500,5
4937,2,LLM-BAI,False,1500,5
1214,0,LLM-BAI,True,600,2
1214,1,LLM-BAI,True,600,2
1214,2,LLM-BAI,True,600,2
15603,0,LLM-BAI,False,1200,4
15603,1,LLM-BAI,False,1200,4
15603,2,LLM-BAI,False,1200,4
8349,0,LLM-BAI,True,1200,4
8349,1,LLM-BAI,True,1200,4
8349,2,LLM-BAI,True,1200,4
15323,0,LLM-BAI,True,1500,5
15323,1,LLM-BAI,True,1500,5
15323,2,LLM-BAI,True,1500,5
12745,0,LLM-BAI,False,1200,4
12745,1,LLM-BAI,False,1200,4
12745,2,LLM-BAI,False,1200,4
15913,0,LLM-BAI,False,1200,4
15913,1,LLM-BAI,False,1200,4
15913,2,LLM-BAI,False,1200,4
4468,0,LLM-BAI,True,1200,4
4468,1,LLM-BAI,True,1200,4
4468,2,LLM-BAI,True,1200,4
8064,0,LLM-BAI,False,900,3
8064,1,LLM-BAI,False,900,3
8064,2,LLM-BAI,False,900,3
13044,0,LLM-BAI,True,1800,6
13044,1,LLM-BAI,True,1800,6
13044,2,LLM-BAI,True,1800,6
6725,0,LLM-BAI,False,1200,4
6725,1,LLM-BAI,False,1200,4
6725,2,LLM-BAI,False,1200,4
7318,0,LLM-BAI,False,1200,4
7318,1,LLM-BAI,False,1200,4
7318,2,LLM-BAI,False,1200,4
10498,0,LLM-BAI,True,1500,5
10498,1,LLM-BAI,True,1500,5
10498,2,LLM-BAI,True,1500,5
4683,0,LLM-BAI,False,1200,4
4683,1,LLM-BAI,False,1200,4
4683,2,LLM-BAI,False,1200,4
13338,0,LLM-BAI,False,1200,4
13338,1,LLM-BAI,False,1200,4
13338,2,LLM-BAI,False,1200,4
6726,0,LLM-BAI,True,1200,4
6726,1,LLM-BAI,True,1200,4
6726,2,LLM-BAI,True,1200,4
4561,0,LLM-BAI,True,600,2
4561,1,LLM-BAI,True,600,2
4561,2,LLM-BAI,True,600,2
1545,0,LLM-BAI,False,900,3
1545,1,LLM-BAI,False,900,3
1545,2,LLM-BAI,False,900,3
10890,0,LLM-BAI,True,1200,4
10890,1,LLM-BAI,True,1200,4
10890,2,LLM-BAI,True,1200,4
17678,0,LLM-BAI,True,1500,5
17678,1,LLM-BAI,True,1500,5
17678,2,LLM-BAI,True,1500,5
4630,0,LLM-BAI,False,1200,4
4630,1,LLM-BAI,False,1200,4
4630,2,LLM-BAI,False,1200,4
12206,0,LLM-BAI,True,1500,5
12206,1,LLM-BAI,True,1500,5
12206,2,LLM-BAI,True,1500,5
3450,0,LLM-BAI,True,600,2
3450,1,LLM-BAI,True,600,2
3450,2,LLM-BAI,True,600,2
16869,0,LLM-BAI,True,1800,6
16869,1,LLM-BAI,True,1800,6
16869,2,LLM-BAI,True,1800,6
410,0,LLM-BAI,True,1200,4
410,1,LLM-BAI,True,1200,4
410,2,LLM-BAI,True,1200,4
5901,0,LLM-BAI,False,1200,4
5901,1,LLM-BAI,False,1200,4
5901,2,LLM-BAI,False,1200,4
10958,0,LLM-BAI,True,600,2
10958,1,LLM-BAI,True,600,2
10958,2,LLM-BAI,True,600,2
16486,0,LLM-BAI,False,1800,6
16486,1,LLM-BAI,False,1800,6
16486,2,LLM-BAI,False,1800,6
9091,0,LLM-BAI,False,1200,4
9091,1,LLM-BAI,False,1200,4
9091,2,LLM-BAI,False,1200,4
4049,0,LLM-BAI,False,1200,4
4049,1,LLM-BAI,False,1200,4
4049,2,LLM-BAI,False,1200,4
10650,0,LLM-BAI,True,1500,5
10650,1,LLM-BAI,True,1500,5
10650,2,LLM-BAI,True,1500,5
17090,0,LLM-BAI,False,1200,4
17090,1,LLM-BAI,False,1200,4
17090,2,LLM-BAI,False,1200,4
3290,0,LLM-BAI,False,1200,4
3290,1,LLM-BAI,False,1200,4
3290,2,LLM-BAI,False,1200,4
2361,0,LLM-BAI,False,1200,4
2361,1,LLM-BAI,False,1200,4
2361,2,LLM-BAI,False,1200,4
13139,0,LLM-BAI,False,1800,6
13139,1,LLM-BAI,False,1800,6
13139,2,LLM-BAI,False,1800,6
8283,0,LLM-BAI,False,1200,4
8283,1,LLM-BAI,False,1200,4
8283,2,LLM-BAI,False,1200,4
3994,0,LLM-BAI,False,1200,4
3994,1,LLM-BAI,False,1200,4
3994,2,LLM-BAI,False,1200,4
6963,0,LLM-BAI,False,1200,4
6963,1,LLM-BAI,False,1200,4
6963,2,LLM-BAI,False,1200,4
4771,0,LLM-BAI,False,1800,6
4771,1,LLM-BAI,False,1800,6
4771,2,LLM-BAI,False,1800,6
6474,0,LLM-BAI,True,1800,6
6474,1,LLM-BAI,True,1800,6
6474,2,LLM-BAI,True,1800,6
4202,0,LLM-BAI,True,1200,4
4202,1,LLM-BAI,True,1200,4
4202,2,LLM-BAI,True,1200,4
5415,0,LLM-BAI,False,1200,4
5415,1,LLM-BAI,False,1200,4
5415,2,LLM-BAI,False,1200,4
1355,0,LLM-BAI,False,1200,4
1355,1,LLM-BAI,False,1200,4
1355,2,LLM-BAI,False,1200,4
3473,0,LLM-BAI,True,600,2
3473,1,LLM-BAI,True,600,2
3473,2,LLM-BAI,True,600,2
13592,0,LLM-BAI,False,2400,8
13592,1,LLM-BAI,False,2400,8
13592,2,LLM-BAI,False,2400,8
15836,0,LLM-BAI,False,1500,5
15836,1,LLM-BAI,False,1500,5
15836,2,LLM-BAI,False,1500,5
12153,0,LLM-BAI,True,600,2
12153,1,LLM-BAI,True,600,2
12153,2,LLM-BAI,True,600,2
8695,0,LLM-BAI,False,1200,4
8695,1,LLM-BAI,False,1200,4
8695,2,LLM-BAI,False,1200,4
9526,0,LLM-BAI,True,1500,5
9526,1,LLM-BAI,True,1500,5
9526,2,LLM-BAI,True,1500,5
1278,0,LLM-BAI,False,1200,4
1278,1,LLM-BAI,False,1200,4
1278,2,LLM-BAI,False,1200,4
1633,0,LLM-BAI,False,1200,4
1633,1,LLM-BAI,False,1200,4
1633,2,LLM-BAI,False,1200,4
7349,0,LLM-BAI,False,1800,6
7349,1,LLM-BAI,False,1800,6
7349,2,LLM-BAI,False,1800,6
1625,0,LLM-BAI,True,600,2
1625,1,LLM-BAI,True,600,2
1625,2,LLM-BAI,True,600,2
2278,0,LLM-BAI,False,1200,4
2278,1,LLM-BAI,False,1200,4
2278,2,LLM-BAI,False,1200,4
4014,0,LLM-BAI,False,1200,4
4014,1,LLM-BAI,False,1200,4
4014,2,LLM-BAI,False,1200,4
960,0,LLM-BAI,False,600,2
960,1,LLM-BAI,False,600,2
960,2,LLM-BAI,False,600,2
16526,0,LLM-BAI,True,1500,5
16526,1,LLM-BAI,True,1500,5
16526,2,LLM-BAI,True,1500,5
5460,0,LLM-BAI,False,1200,4
5460,1,LLM-BAI,False,1200,4
5460,2,LLM-BAI,False,1200,4
10688,0,LLM-BAI,True,900,3
10688,1,LLM-BAI,True,900,3
10688,2,LLM-BAI,True,900,3
2100,0,LLM-BAI,False,1200,4
2100,1,LLM-BAI,False,1200,4
2100,2,LLM-BAI,False,1200,4
4547,0,LLM-BAI,False,1200,4
4547,1,LLM-BAI,False,1200,4
4547,2,LLM-BAI,False,1200,4
16988,0,LLM-BAI,True,600,2
16988,1,LLM-BAI,True,600,2
16988,2,LLM-BAI,True,600,2
7253,0,LLM-BAI,False,1800,6
7253,1,LLM-BAI,False,1800,6
7253,2,LLM-BAI,False,1800,6
504,0,LLM-BAI,False,1200,4
504,1,LLM-BAI,False,1200,4
504,2,LLM-BAI,False,1200,4
13025,0,LLM-BAI,False,1200,4
13025,1,LLM-BAI,False,1200,4
13025,2,LLM-BAI,False,1200,4
10499,0,LLM-BAI,True,2400,8
10499,1,LLM-BAI,True,2400,8
10499,2,LLM-BAI,True,2400,8
1289,0,LLM-BAI,False,1200,4
1289,1,LLM-BAI,False,1200,4
1289,2,LLM-BAI,False,1200,4
13806,0,LLM-BAI,True,1200,4
13806,1,LLM-BAI,True,1200,4
13806,2,LLM-BAI,True,1200,4
1808,0,LLM-BAI,False,600,2
1808,1,LLM-BAI,False,600,2
1808,2,LLM-BAI,False,600,2
9641,0,LLM-BAI,False,1200,4
9641,1,LLM-BAI,False,1200,4
9641,2,LLM-BAI,False,1200,4
17260,0,LLM-BAI,False,1800,6
17260,1,LLM-BAI,False,1800,6
17260,2,LLM-BAI,False,1800,6
13794,0,LLM-BAI,False,1200,4
13794,1,LLM-BAI,False,1200,4
13794,2,LLM-BAI,False,1200,4
11072,0,LLM-BAI,False,1500,5
11072,1,LLM-BAI,False,1500,5
11072,2,LLM-BAI,False,1500,5
5246,0,LLM-BAI,False,1200,4
5246,1,LLM-BAI,False,1200,4
5246,2,LLM-BAI,False,1200,4
222,0,LLM-BAI,False,900,3
222,1,LLM-BAI,False,900,3
222,2,LLM-BAI,False,900,3
4973,0,LLM-BAI,False,900,3
4973,1,LLM-BAI,False,900,3
4973,2,LLM-BAI,False,900,3
11987,0,LLM-BAI,False,1800,6
11987,1,LLM-BAI,False,1800,6
11987,2,LLM-BAI,False,1800,6
10439,0,LLM-BAI,False,1200,4
10439,1,LLM-BAI,False,1200,4
10439,2,LLM-BAI,False,1200,4
16538,0,LLM-BAI,True,1500,5
16538,1,LLM-BAI,True,1500,5
16538,2,LLM-BAI,True,1500,5
12205,0,LLM-BAI,False,1500,5
12205,1,LLM-BAI,False,1500,5
12205,2,LLM-BAI,False,1500,5
11279,0,LLM-BAI,False,1800,6
11279,1,LLM-BAI,False,1800,6
11279,2,LLM-BAI,False,1800,6
1685,0,LLM-BAI,True,1200,4
1685,1,LLM-BAI,True,1200,4
1685,2,LLM-BAI,True,1200,4
13146,0,LLM-BAI,False,1500,5
13146,1,LLM-BAI,False,1500,5
13146,2,LLM-BAI,False,1500,5
294,0,LLM-BAI,True,600,2
294,1,LLM-BAI,True,600,2
294,2,LLM-BAI,True,600,2
8622,0,LLM-BAI,False,1800,6
8622,1,LLM-BAI,False,1800,6
8622,2,LLM-BAI,False,1800,6
2808,0,LLM-BAI,True,1200,4
2808,1,LLM-BAI,True,1200,4
2808,2,LLM-BAI,True,1200,4
5408,0,LLM-BAI,False,1200,4
5408,1,LLM-BAI,False,1200,4
5408,2,LLM-BAI,False,1200,4
2859,0,LLM-BAI,False,1200,4
2859,1,LLM-BAI,False,1200,4
2859,2,LLM-BAI,False,1200,4
16688,0,LLM-BAI,False,1800,6
16688,1,LLM-BAI,False,1800,6
16688,2,LLM-BAI,False,1800,6
13206,0,LLM-BAI,False,1500,5
13206,1,LLM-BAI,False,1500,5
13206,2,LLM-BAI,False,1500,5
12104,0,LLM-BAI,False,1200,4
12104,1,LLM-BAI,False,1200,4
12104,2,LLM-BAI,False,1200,4
12536,0,LLM-BAI,False,1800,6
12536,1,LLM-BAI,False,1800,6
12536,2,LLM-BAI,False,1800,6
1600,0,LLM-BAI,False,1200,4
1600,1,LLM-BAI,False,1200,4
1600,2,LLM-BAI,False,1200,4
11593,0,LLM-BAI,True,1800,6
11593,1,LLM-BAI,True,1800,6
11593,2,LLM-BAI,True,1800,6
8046,0,LLM-BAI,False,1200,4
8046,1,LLM-BAI,False,1200,4
8046,2,LLM-BAI,False,1200,4
16770,0,LLM-BAI,True,1200,4
16770,1,LLM-BAI,True,1200,4
16770,2,LLM-BAI,True,1200,4
10921,0,LLM-BAI,True,900,3
10921,1,LLM-BAI,True,900,3
10921,2,LLM-BAI,True,900,3
6485,0,LLM-BAI,False,1200,4
6485,1,LLM-BAI,False,1200,4
6485,2,LLM-BAI,False,1200,4
6888,0,LLM-BAI,True,1200,4
6888,1,LLM-BAI,True,1200,4
6888,2,LLM-BAI,True,1200,4
8397,0,LLM-BAI,False,1500,5
8397,1,LLM-BAI,False,1500,5
8397,2,LLM-BAI,False,1500,5
2555,0,LLM-BAI,False,1200,4
2555,1,LLM-BAI,False,1200,4
2555,2,LLM-BAI,False,1200,4
13523,0,LLM-BAI,True,1500,5
13523,1,LLM-BAI,True,1500,5
13523,2,LLM-BAI,True,1500,5
11126,0,LLM-BAI,True,1200,4
11126,1,LLM-BAI,True,1200,4
11126,2,LLM-BAI,True,1200,4
14034,0,LLM-BAI,False,1200,4
14034,1,LLM-BAI,False,1200,4
14034,2,LLM-BAI,False,1200,4
1024,0,LLM-BAI,False,1200,4
1024,1,LLM-BAI,False,1200,4
1024,2,LLM-BAI,False,1200,4
13315,0,LLM-BAI,False,1500,5
13315,1,LLM-BAI,False,1500,5
13315,2,LLM-BAI,False,1500,5
4756,0,LLM-BAI,False,1200,4
4756,1,LLM-BAI,False,1200,4
4756,2,LLM-BAI,False,1200,4
6886,0,LLM-BAI,True,900,3
6886,1,LLM-BAI,True,900,3
6886,2,LLM-BAI,True,900,3
10447,0,LLM-BAI,True,1200,4
10447,1,LLM-BAI,True,1200,4
10447,2,LLM-BAI,True,1200,4
9565,0,LLM-BAI,False,1200,4
9565,1,LLM-BAI,False,1200,4
9565,2,LLM-BAI,False,1200,4
6928,0,LLM-BAI,False,1800,6
6928,1,LLM-BAI,False,1800,6
6928,2,LLM-BAI,False,1800,6
2268,0,LLM-BAI,False,1200,4
2268,1,LLM-BAI,False,1200,4
2268,2,LLM-BAI,False,1200,4
1298,0,LLM-BAI,False,900,3
1298,1,LLM-BAI,False,900,3
1298,2,LLM-BAI,False,900,3
2931,0,LLM-BAI,False,1200,4
2931,1,LLM-BAI,False,1200,4
2931,2,LLM-BAI,False,1200,4
5072,0,LLM-BAI,False,1200,4
5072,1,LLM-BAI,False,1200,4
5072,2,LLM-BAI,False,1200,4
